<?xml version="1.0" encoding="utf-8"?>
<PSXContentEditorSharedDef>
	<PSXSharedFieldGroup name="sharedrssimport">
		<PSXContainerLocator>
			<PSXTableSet>
				<PSXTableLocator>
					<PSXBackEndCredential id="0">
						<alias>systemCredential</alias>
						<comment/>
						<driver>jtds:sqlserver</driver>
						<server>//localhost</server>
						<userId>sa</userId>
						<password encrypted="yes">AfM/wYCtmGJbISNjtXhKmQ==</password>
					</PSXBackEndCredential>
					<Database>rxmaster_08R01</Database>
					<Origin>dbo</Origin>
				</PSXTableLocator>
				<PSXTableRef alias="RXS_CT_SHARED_RSS_IMPORT" name="RXS_CT_SHARED_RSS_IMPORT"/>
			</PSXTableSet>
		</PSXContainerLocator>
		<PSXFieldSet name="sharedrssimport" repeatability="oneOrMore" supportsSequencing="no" type="multiPropertySimpleChild" userSearchable="yes">
			<PSXField forceBinary="no" modificationType="user" name="rss_versionid" showInPreview="yes" showInSummary="yes" type="shared">
				<DataLocator>
					<PSXBackEndColumn id="0">
						<tableAlias>RXS_CT_SHARED_RSS_IMPORT</tableAlias>
						<column>RSS_VERSIONID</column>
						<columnAlias/>
					</PSXBackEndColumn>
				</DataLocator>
				<DataType>text</DataType>
				<DataFormat>50</DataFormat>
				<OccurrenceSettings delimiter=";" dimension="optional" multiValuedType="delimited"/>
				<PSXSearchProperties enableTransformation="no" id="0" tokenizeSearchContent="no" userCustomizable="yes" userSearchable="yes" visibleToGlobalQuery="yes"/>
			</PSXField>
			<PSXField forceBinary="no" modificationType="user" name="rss_guid" showInPreview="yes" showInSummary="yes" type="shared">
				<DataLocator>
					<PSXBackEndColumn id="0">
						<tableAlias>RXS_CT_SHARED_RSS_IMPORT</tableAlias>
						<column>RSS_GUID</column>
						<columnAlias/>
					</PSXBackEndColumn>
				</DataLocator>
				<DataType>text</DataType>
				<DataFormat>255</DataFormat>
				<OccurrenceSettings delimiter=";" dimension="optional" multiValuedType="delimited"/>
				<PSXSearchProperties enableTransformation="no" id="0" tokenizeSearchContent="no" userCustomizable="yes" userSearchable="yes" visibleToGlobalQuery="yes"/>
			</PSXField>
			<PSXField forceBinary="no" modificationType="user" name="rss_syncid" showInPreview="yes" showInSummary="yes" type="shared">
				<DataLocator>
					<PSXBackEndColumn id="0">
						<tableAlias>RXS_CT_SHARED_RSS_IMPORT</tableAlias>
						<column>RSS_SYNCID</column>
						<columnAlias/>
					</PSXBackEndColumn>
				</DataLocator>
				<DataType>text</DataType>
				<DataFormat>255</DataFormat>
				<OccurrenceSettings delimiter=";" dimension="optional" multiValuedType="delimited"/>
				<PSXSearchProperties enableTransformation="no" id="0" tokenizeSearchContent="no" userCustomizable="yes" userSearchable="yes" visibleToGlobalQuery="yes"/>
			</PSXField>
		</PSXFieldSet>
		<PSXUIDefinition>
			<PSXDisplayMapper fieldSetRef="sharedrssimport" id="5">
				<PSXDisplayMapping>
					<FieldRef>rss_guid</FieldRef>
					<PSXUISet>
						<Label>
							<PSXDisplayText>GUID:</PSXDisplayText>
						</Label>
						<PSXControlRef id="108" name="sys_EditBox"/>
						<ErrorLabel>
							<PSXDisplayText>GUID:</PSXDisplayText>
						</ErrorLabel>
						<ReadOnlyRules>
							<PSXRule boolean="and">
								<PSXConditional id="2">
									<variable>
										<PSXTextLiteral id="0">
											<text>1</text>
										</PSXTextLiteral>
									</variable>
									<operator>=</operator>
									<value>
										<PSXTextLiteral id="0">
											<text>1</text>
										</PSXTextLiteral>
									</value>
									<boolean>AND</boolean>
								</PSXConditional>
							</PSXRule>
						</ReadOnlyRules>
					</PSXUISet>
				</PSXDisplayMapping>
				<PSXDisplayMapping>
					<FieldRef>rss_syncid</FieldRef>
					<PSXUISet>
						<Label>
							<PSXDisplayText>Sync ID:</PSXDisplayText>
						</Label>
						<PSXControlRef id="13" name="sys_EditBox"/>
						<ErrorLabel>
							<PSXDisplayText>Sync ID:</PSXDisplayText>
						</ErrorLabel>
						<ReadOnlyRules>
							<PSXRule boolean="and">
								<PSXConditional id="2">
									<variable>
										<PSXTextLiteral id="0">
											<text>1</text>
										</PSXTextLiteral>
									</variable>
									<operator>=</operator>
									<value>
										<PSXTextLiteral id="0">
											<text>1</text>
										</PSXTextLiteral>
									</value>
									<boolean>AND</boolean>
								</PSXConditional>
							</PSXRule>
						</ReadOnlyRules>
					</PSXUISet>
				</PSXDisplayMapping>
				<PSXDisplayMapping>
					<FieldRef>rss_versionid</FieldRef>
					<PSXUISet>
						<Label>
							<PSXDisplayText>Version ID:</PSXDisplayText>
						</Label>
						<PSXControlRef id="143" name="sys_EditBox"/>
						<ErrorLabel>
							<PSXDisplayText>Version ID:</PSXDisplayText>
						</ErrorLabel>
						<ReadOnlyRules>
							<PSXRule boolean="and">
								<PSXConditional id="2">
									<variable>
										<PSXTextLiteral id="0">
											<text>1</text>
										</PSXTextLiteral>
									</variable>
									<operator>=</operator>
									<value>
										<PSXTextLiteral id="0">
											<text>1</text>
										</PSXTextLiteral>
									</value>
									<boolean>AND</boolean>
								</PSXConditional>
							</PSXRule>
						</ReadOnlyRules>
					</PSXUISet>
				</PSXDisplayMapping>
			</PSXDisplayMapper>
		</PSXUIDefinition>
		<PSXValidationRules maxErrorsToStop="10"/>
		<PSXInputTranslations/>
		<PSXOutputTranslations/>
	</PSXSharedFieldGroup>
</PSXContentEditorSharedDef>
