<?xml version="1.0"?>
<rss version="2.0" xmlns:psx="http://www.percussion.com/psx/" xmlns:sx="http://www.microsoft.com/schemas/rss/sse/">
	<channel>
		<title>MediaBank Image Import</title>
		<description>A content item description for a MediaBank image, for import into Rhythmyx.</description>
		<language>en-us</language>
		<lastBuildDate/>
		<item>
			<sx:sync id="Jeff Test MediaBank Image #1" version="1"/>
			<title>Jeff Test MediaBank Image #1</title>
			<guid>MBImage#1</guid>
			<psx:displaytitle>Here is the title of the image.</psx:displaytitle>
			<psx:keywords>Here are the keywords for the image.</psx:keywords>
			<psx:description>Here is the image's description.</psx:description>
			<psx:dam_caption>Here is the image's caption</psx:dam_caption>
			<psx:dam_alt>Here is the image's alt tag</psx:dam_alt>
			<psx:dam_imageurl>http://dev-mediabank.imf.org/image1234.gif</psx:dam_imageurl>
			<psx:folderPath>//Sites/IMFIntranet/Countries</psx:folderPath>
		</item>
	</channel>
</rss>
