<?xml version="1.0" encoding="utf-8"?>
<PSXApplication active="no" enabled="yes" hidden="no" id="41" startPriority="0" version="2.0">
   <name>RSS_Import_Support</name>
   <description/>
   <requestRoot>RSS_Import_Support</requestRoot>
   <defaultRequestPage/>
   <appExtensionContext>application/_PSO_JLARIMER1_1136654828041/</appExtensionContext>
   <PSXRevisionHistory>
      <PSXRevisionEntry majorVersion="1" minorVersion="0">
         <agent>BackEndTable:admin1</agent>
         <description>Saved</description>
         <time>20060107T122519746</time>
      </PSXRevisionEntry>
      <PSXRevisionEntry majorVersion="1" minorVersion="119">
         <agent>BackEndTable:admin1</agent>
         <description>Saved</description>
         <time>20060505T180807436</time>
      </PSXRevisionEntry>
   </PSXRevisionHistory>
   <PSXAcl id="0">
      <PSXAclEntry id="0" type="user">
         <name>Default</name>
         <securityProviderType>Any</securityProviderType>
         <securityProviderInstance/>
         <applicationAccessLevel dataCreate="yes" dataDelete="yes" dataQuery="yes" dataUpdate="yes" designDelete="yes" designRead="yes" designUpdate="yes" modifyAcl="yes"/>
      </PSXAclEntry>
      <PSXAclEntry id="0" type="user">
         <name>admin1</name>
         <securityProviderType>Any</securityProviderType>
         <securityProviderInstance/>
         <applicationAccessLevel dataCreate="yes" dataDelete="yes" dataQuery="yes" dataUpdate="yes" designDelete="yes" designRead="yes" designUpdate="yes" modifyAcl="yes"/>
      </PSXAclEntry>
      <PSXAclEntry id="0" type="user">
         <name>Anonymous</name>
         <securityProviderType>Any</securityProviderType>
         <securityProviderInstance/>
         <applicationAccessLevel dataCreate="no" dataDelete="no" dataQuery="no" dataUpdate="no" designDelete="no" designRead="no" designUpdate="no" modifyAcl="no"/>
      </PSXAclEntry>
      <multiMembershipBehavior>mergeMaximumAccess</multiMembershipBehavior>
   </PSXAcl>
   <maxThreads>0</maxThreads>
   <maxRequestTime>0</maxRequestTime>
   <maxRequestsInQueue>0</maxRequestsInQueue>
   <userSessionEnabled>no</userSessionEnabled>
   <userSessionTimeout>0</userSessionTimeout>
   <requestTypeHtmlParamName>DBActionType</requestTypeHtmlParamName>
   <requestTypeValueQuery>QUERY</requestTypeValueQuery>
   <requestTypeValueInsert>INSERT</requestTypeValueInsert>
   <requestTypeValueUpdate>UPDATE</requestTypeValueUpdate>
   <requestTypeValueDelete>DELETE</requestTypeValueDelete>
   <PSXDataSet id="487">
      <name>Dataset279</name>
      <description/>
      <transactionType>none</transactionType>
      <PSXQueryPipe id="55030">
         <name>QueryPipe</name>
         <description/>
         <PSXBackEndDataTank id="55026">
            <PSXBackEndTable id="55025">
               <alias>RXDUAL</alias>
               <driver>jtds:sqlserver</driver>
               <server>//localhost</server>
               <database>rxmaster_57_11R01</database>
               <origin>dbo</origin>
               <table>RXDUAL</table>
            </PSXBackEndTable>
         </PSXBackEndDataTank>
         <PSXDataMapper id="55028" returnEmptyXml="no">
            <PSXDataMapping groupId="0" id="0">
               <PSXXmlField id="0">
                  <name>rssImportResult/@channelName</name>
               </PSXXmlField>
               <PSXSingleHtmlParameter id="0">
                  <name>channelName</name>
               </PSXSingleHtmlParameter>
               <Conditionals/>
            </PSXDataMapping>
         </PSXDataMapper>
         <PSXDataSelector id="55027" method="whereClause" unique="no">
            <WhereClauses/>
            <Sorting/>
            <nativeStatement/>
            <Caching enabled="no" type="interval">
               <ageInterval>15</ageInterval>
            </Caching>
         </PSXDataSelector>
         <InputDataExits>
            <PSXExtensionCallSet id="484">
               <PSXExtensionCall id="0">
                  <name>Java/user/PSORSSItemImporter</name>
                  <PSXExtensionParamValue id="0">
                     <value>
                        <PSXTextLiteral id="0">
                           <text>InputDocument</text>
                        </PSXTextLiteral>
                     </value>
                  </PSXExtensionParamValue>
                  <PSXExtensionParamValue id="0">
                     <value>
                        <PSXTextLiteral id="0">
                           <text>importStatusDoc</text>
                        </PSXTextLiteral>
                     </value>
                  </PSXExtensionParamValue>
               </PSXExtensionCall>
            </PSXExtensionCallSet>
         </InputDataExits>
         <ResultDataExits>
            <PSXExtensionCallSet id="485">
               <PSXExtensionCall id="0">
                  <name>Java/global/percussion/xmldom/sys_xdCopyDom</name>
                  <PSXExtensionParamValue id="0">
                     <value>
                        <PSXTextLiteral id="0">
                           <text>importStatusDoc</text>
                        </PSXTextLiteral>
                     </value>
                  </PSXExtensionParamValue>
                  <PSXExtensionParamValue id="0">
                     <value>
                        <PSXTextLiteral id="0">
                           <text/>
                        </PSXTextLiteral>
                     </value>
                  </PSXExtensionParamValue>
                  <PSXExtensionParamValue id="0">
                     <value>
                        <PSXTextLiteral id="0">
                           <text>.</text>
                        </PSXTextLiteral>
                     </value>
                  </PSXExtensionParamValue>
               </PSXExtensionCall>
            </PSXExtensionCallSet>
         </ResultDataExits>
         <PSXResourceCacheSettings enabled="no" id="0">
            <Keys/>
            <Dependencies/>
         </PSXResourceCacheSettings>
      </PSXQueryPipe>
      <PSXPageDataTank id="486">
         <schemaSource>file:rssImportResult.dtd</schemaSource>
         <actionTypeXmlField/>
      </PSXPageDataTank>
      <PSXRequestor directDataStream="no" id="0">
         <requestPage>itemImport</requestPage>
         <SelectionParams/>
         <ValidationRules/>
         <characterEncoding>UTF-8</characterEncoding>
         <MimeProperties>
            <html>
               <PSXTextLiteral id="0">
                  <text>text/html</text>
               </PSXTextLiteral>
            </html>
            <htm>
               <PSXTextLiteral id="0">
                  <text>text/html</text>
               </PSXTextLiteral>
            </htm>
         </MimeProperties>
      </PSXRequestor>
      <PSXResultPageSet id="0">
         <PSXResultPage allowNamespaceCleanup="false" id="488">
            <extensionsSupported/>
         </PSXResultPage>
      </PSXResultPageSet>
   </PSXDataSet>
   <PSXDataSet id="490">
      <name>Dataset1018</name>
      <description/>
      <transactionType>none</transactionType>
      <PSXQueryPipe id="54386">
         <name>QueryPipe</name>
         <description/>
         <PSXBackEndDataTank id="54381">
            <PSXBackEndTable id="54379">
               <alias>RXS_CT_SHARED_RSS_IMPORT</alias>
               <driver>jtds:sqlserver</driver>
               <server>//localhost</server>
               <database>rxmaster_57_11R01</database>
               <origin>dbo</origin>
               <table>RXS_CT_SHARED_RSS_IMPORT</table>
            </PSXBackEndTable>
            <PSXBackEndTable id="54380">
               <alias>CONTENTSTATUS</alias>
               <driver>jtds:sqlserver</driver>
               <server>//localhost</server>
               <database>rxmaster_57_11R01</database>
               <origin>dbo</origin>
               <table>CONTENTSTATUS</table>
            </PSXBackEndTable>
            <PSXBackEndJoin id="0" joinType="inner">
               <leftColumn>
                  <PSXBackEndColumn id="0">
                     <tableAlias>RXS_CT_SHARED_RSS_IMPORT</tableAlias>
                     <column>CONTENTID</column>
                     <columnAlias/>
                  </PSXBackEndColumn>
               </leftColumn>
               <rightColumn>
                  <PSXBackEndColumn id="0">
                     <tableAlias>CONTENTSTATUS</tableAlias>
                     <column>CONTENTID</column>
                     <columnAlias/>
                  </PSXBackEndColumn>
               </rightColumn>
            </PSXBackEndJoin>
            <PSXBackEndJoin id="0" joinType="inner">
               <leftColumn>
                  <PSXBackEndColumn id="0">
                     <tableAlias>RXS_CT_SHARED_RSS_IMPORT</tableAlias>
                     <column>REVISIONID</column>
                     <columnAlias/>
                  </PSXBackEndColumn>
               </leftColumn>
               <rightColumn>
                  <PSXBackEndColumn id="0">
                     <tableAlias>CONTENTSTATUS</tableAlias>
                     <column>CURRENTREVISION</column>
                     <columnAlias/>
                  </PSXBackEndColumn>
               </rightColumn>
            </PSXBackEndJoin>
         </PSXBackEndDataTank>
         <PSXDataMapper id="54384" returnEmptyXml="yes">
            <PSXDataMapping groupId="1" id="0">
               <PSXXmlField id="0">
                  <name>RSSItem/contentid</name>
               </PSXXmlField>
               <PSXBackEndColumn id="0">
                  <tableAlias>RXS_CT_SHARED_RSS_IMPORT</tableAlias>
                  <column>CONTENTID</column>
                  <columnAlias/>
               </PSXBackEndColumn>
               <Conditionals/>
            </PSXDataMapping>
            <PSXDataMapping groupId="1" id="0">
               <PSXXmlField id="0">
                  <name>RSSItem/revision</name>
               </PSXXmlField>
               <PSXBackEndColumn id="0">
                  <tableAlias>RXS_CT_SHARED_RSS_IMPORT</tableAlias>
                  <column>REVISIONID</column>
                  <columnAlias/>
               </PSXBackEndColumn>
               <Conditionals/>
            </PSXDataMapping>
            <PSXDataMapping groupId="1" id="0">
               <PSXXmlField id="0">
                  <name>RSSItem/version</name>
               </PSXXmlField>
               <PSXBackEndColumn id="0">
                  <tableAlias>RXS_CT_SHARED_RSS_IMPORT</tableAlias>
                  <column>RSS_VERSIONID</column>
                  <columnAlias/>
               </PSXBackEndColumn>
               <Conditionals/>
            </PSXDataMapping>
         </PSXDataMapper>
         <PSXDataSelector id="54382" method="whereClause" unique="no">
            <WhereClauses>
               <PSXWhereClause id="0" omitWhenNull="no">
                  <PSXConditional id="0">
                     <variable>
                        <PSXBackEndColumn id="0">
                           <tableAlias>RXS_CT_SHARED_RSS_IMPORT</tableAlias>
                           <column>RSS_SYNCID</column>
                           <columnAlias/>
                        </PSXBackEndColumn>
                     </variable>
                     <operator>=</operator>
                     <value>
                        <PSXSingleHtmlParameter id="0">
                           <name>syncid</name>
                        </PSXSingleHtmlParameter>
                     </value>
                     <boolean>AND</boolean>
                  </PSXConditional>
               </PSXWhereClause>
            </WhereClauses>
            <Sorting>
               <PSXSortedColumn id="0" isAscending="yes">
                  <PSXBackEndColumn id="0">
                     <tableAlias>CONTENTSTATUS</tableAlias>
                     <column>CONTENTID</column>
                     <columnAlias/>
                  </PSXBackEndColumn>
               </PSXSortedColumn>
            </Sorting>
            <nativeStatement/>
            <Caching enabled="no" type="interval">
               <ageInterval>15</ageInterval>
            </Caching>
         </PSXDataSelector>
         <PSXResourceCacheSettings enabled="no" id="0">
            <Keys/>
            <Dependencies/>
         </PSXResourceCacheSettings>
      </PSXQueryPipe>
      <PSXPageDataTank id="489">
         <schemaSource>file:rssItemLookup.dtd</schemaSource>
         <actionTypeXmlField/>
      </PSXPageDataTank>
      <PSXRequestor directDataStream="no" id="0">
         <requestPage>itemLookup</requestPage>
         <SelectionParams/>
         <ValidationRules/>
         <characterEncoding>UTF-8</characterEncoding>
         <MimeProperties>
            <html>
               <PSXTextLiteral id="0">
                  <text>text/html</text>
               </PSXTextLiteral>
            </html>
            <htm>
               <PSXTextLiteral id="0">
                  <text>text/html</text>
               </PSXTextLiteral>
            </htm>
         </MimeProperties>
      </PSXRequestor>
      <PSXResultPageSet id="0">
         <PSXResultPage allowNamespaceCleanup="false" id="491">
            <extensionsSupported/>
         </PSXResultPage>
      </PSXResultPageSet>
      <PSXResultPager id="54383">
         <maxRowsPerPage>-1</maxRowsPerPage>
         <maxPages>-1</maxPages>
         <maxPageLinks>10</maxPageLinks>
      </PSXResultPager>
   </PSXDataSet>
   <PSXLogger id="0" logAppStartStop="no" logAppStatistics="no" logBasicUserActivity="no" logDetailedUserActivity="no" logErrors="no" logExecutionPlan="no" logFullUserActivity="no" logMultipleHandlers="no" logServerStartStop="no"/>
   <PSXTraceInfo id="0" traceAppHandlerProc="yes" traceAppSecurity="yes" traceBasicRequestInfo="yes" traceConditionalEval="yes" traceDbPool="yes" traceEnabled="no" traceExitExec="yes" traceExitProc="yes" traceFileInfo="yes" traceInitHttpVar="yes" traceMapper="yes" traceOutputColumnWidth="80" traceOutputConv="yes" tracePostExitCgi="yes" tracePostExitXml="yes" tracePostPreProcHttpVar="yes" traceResourceHandler="yes" traceResultSet="yes" traceSessionInfo="yes" traceTimestampOnlyEnabled="no"/>
   <PSXErrorWebPages id="482" returnHtml="yes"/>
   <backEndLoginPassthru>no</backEndLoginPassthru>
   <PSXNotifier id="483">
      <providerType>SMTP</providerType>
      <server>&lt;Unspecified&gt;</server>
      <from/>
   </PSXNotifier>
   <userProperty name="pageDatatankSrcType486">2</userProperty>
   <userProperty name="locationX482">16</userProperty>
   <userProperty name="locationY488">38</userProperty>
   <userProperty name="locationX481">16</userProperty>
   <userProperty name="locationY487">32</userProperty>
   <userProperty name="savedFromWorkbench">Yes</userProperty>
   <userProperty name="locationY485">22</userProperty>
   <userProperty name="locationY484">22</userProperty>
   <userProperty name="locationY483">100</userProperty>
   <userProperty name="locationY482">55</userProperty>
   <userProperty name="locationY481">10</userProperty>
   <userProperty name="locationX491">411</userProperty>
   <userProperty name="locationX490">306</userProperty>
   <userProperty name="schemaSourceReadOnly489">true</userProperty>
   <userProperty name="locationY491">38</userProperty>
   <userProperty name="schemaSourceReadOnly486">true</userProperty>
   <userProperty name="locationY490">28</userProperty>
   <userProperty name="resultPageFilePath491">C:\Rhythmyx_08R01\RSS_Import_Support\rssItemLookup.dtd</userProperty>
   <userProperty name="pageDatatankFilePath489">C:\Rhythmyx_08R01\RSS_Import_Support\rssItemLookup.dtd</userProperty>
   <userProperty name="pageDatatankFilePath486">C:\eclipse\workspace\PSORSSItemImporter\rssImportResult.dtd</userProperty>
   <userProperty name="locationX488">166</userProperty>
   <userProperty name="locationX487">54</userProperty>
   <userProperty name="locationX485">69</userProperty>
   <userProperty name="pageDatatankSrcType489">2</userProperty>
   <userProperty name="locationX484">10</userProperty>
   <userProperty name="locationX483">16</userProperty>
</PSXApplication>